{
    "Exact Match": 9.395632300660234,
    "F1 Score": 17.286386148069145,
    "Answer Recall": 18.18826461648395
}