{"Exact Match": 35.76923076923077, "F1 Score": 47.085656951356704, "Answer Recall": 49.40844836095981}