{
    "Exact Match": 35.97435897435897,
    "F1 Score": 48.23050628308272,
    "Answer Recall": 50.452685602586776
}