{
    "Exact Match": 42.912073827223786,
    "F1 Score": 55.06850755754299,
    "Answer Recall": 57.30561048156787
}