{"Exact Match": 35.17948717948718, "F1 Score": 46.29584276416065, "Answer Recall": 48.51542947911155}