{"Exact Match": 41.0, "F1 Score": 50.973001443001436, "Answer Recall": 53.024603174603165}