{"Exact Match": 49.0, "F1 Score": 59.70786435786435, "Answer Recall": 61.61666666666666}