{"Exact Match": 39.0, "F1 Score": 50.3582251082251, "Answer Recall": 52.61666666666667}