{"Exact Match": 36.0, "F1 Score": 46.338117438117436, "Answer Recall": 47.61666666666667}