{"Exact Match": 31.0, "F1 Score": 39.0073593073593, "Answer Recall": 39.54722222222221}