{
    "Exact Match": 33.67191467750127,
    "F1 Score": 44.65682244525548,
    "Answer Recall": 46.655889821198954
}