{"Exact Match": 38.53211009174312, "F1 Score": 47.61471772155629, "Answer Recall": 48.34461919324304}