{"Exact Match": 39.0, "F1 Score": 47.71695526695527, "Answer Recall": 50.147619047619045}