{"Exact Match": 44.0, "F1 Score": 54.23464476699771, "Answer Recall": 56.16904761904762}