{"Exact Match": 40.0, "F1 Score": 47.173110223110214, "Answer Recall": 48.86666666666667}